Word,Count,Suggested
mal,1,"male, malt, mall"
owliver,2,oliver
metadata,1,
mm,2,"mme, m"
asselor,1,"assessor, assentor, assertor"
achp,1,"achy, ache"
ish,1,"isth, pish, fish"
canterby,1,"canterbury, canter, canters"
toril,1,"tori, toil, torii"
jahuars,1,jaguars
aedon,1,"aeon, redon"
aedons,1,aeons
vtd,1,vt
wah,3,wash
revarbs,1,"rears, reva's, reverb"
t20,1,
righty,1,"rightly, right, righto"
rebarbed,1,"reared, rebated, rehabbed"
slippered,1,skippered
cliche,1,"caliche, clichy, clich√©"
zagged,1,"jagged, fagged, lagged"
jackalware,1,
womp,2,"whomp, wop, womb"
prisma,1,"prism, prisms"
nadala,1,"mandala, natalia, nadia"
nidala,1,nival
20s,2,
waveling,1,"wavering, raveling"
